type,avg_mvmt,rep,TFS
HTkA-free,1.502330583,1,no
WT,1.1215915,1,no
G17D,0.703051167,1,no
E19K,0.48731025,1,no
G52K,1.069734167,1,no
E19K/G52K,0.311737833,1,no
R20S,1.7981855,1,no
T55L,1.427262583,1,no
E3A,1.479764833,1,no
R11A,1.197570333,1,no
E34A,0.931983417,1,no
HTkA-free,2.026952333,2,no
WT,1.593040167,2,no
G17D,0.843695083,2,no
E19K,0.7064305,2,no
G52K,1.793402333,2,no
E19K/G52K,0.498824167,2,no
R20S,1.97394225,2,no
T55L,1.64308825,2,no
E3A,1.656391667,2,no
R11A,1.374455833,2,no
E34A,1.010338167,2,no
HTkA-free,1.78905475,3,no
WT,1.470979333,3,no
G17D,0.762447333,3,no
E19K,0.69627275,3,no
G52K,1.250761667,3,no
E19K/G52K,0.43825525,3,no
R20S,1.977485,3,no
T55L,1.6348605,3,no
E3A,1.787098083,3,no
R11A,1.470676917,3,no
E34A,1.15402175,3,no
HTkA-free,2.05500625,4,no
WT,1.748182583,4,no
G17D,1.031028667,4,no
E19K,0.6179855,4,no
G52K,1.22197125,4,no
E19K/G52K,0.48687075,4,no
R20S,1.929030667,4,no
T55L,1.900794083,4,no
E3A,2.119002,4,no
R11A,1.705008167,4,no
E34A,1.368050417,4,no
HTkA-free,2.0959695,1,yes
WT,1.696750083,1,yes
G17D,0.9740115,1,yes
E19K,0.773482167,1,yes
G52K,1.45367225,1,yes
E19K/G52K,0.662514833,1,yes
R20S,2.048166167,1,yes
T55L,1.70173275,1,yes
E3A,1.563076167,1,yes
R11A,1.454297583,1,yes
E34A,1.1037905,1,yes
HTkA-free,1.743982917,2,yes
WT,1.392668,2,yes
G17D,0.603380167,2,yes
E19K,0.552405917,2,yes
G52K,1.651187167,2,yes
E19K/G52K,0.43714775,2,yes
R20S,1.852385917,2,yes
T55L,1.541628417,2,yes
E3A,1.476531083,2,yes
R11A,1.35686475,2,yes
E34A,1.0791965,2,yes
HTkA-free,1.692418083,3,yes
WT,1.314837667,3,yes
G17D,0.734699,3,yes
E19K,0.55434575,3,yes
G52K,1.128511417,3,yes
E19K/G52K,0.338842,3,yes
R20S,1.824883,3,yes
T55L,1.531442417,3,yes
E3A,1.467055333,3,yes
R11A,1.455608583,3,yes
E34A,0.97088975,3,yes